countryiso3code,country,date,gini,subsequent_growth,gdp_per_capita
ALB,Albania,2018,30.1,4.940081750329226,5897.65452588774
ALB,Albania,2017,33.1,4.848861973180702,5006.36012951959
ALB,Albania,2016,33.7,4.5353349051883765,4457.63412207495
ALB,Albania,2015,32.8,3.507470215864042,4199.53912925398
ALB,Albania,2014,34.6,4.632990182667026,4793.59751131525
ALB,Albania,2012,29.0,4.270134775343828,4280.93316338873
DZA,Algeria,2011,27.6,1.1627840379677565,5916.31364364343
AGO,Angola,2018,51.3,-3.229083013946048,2891.83032378747
ARG,Argentina,2018,41.7,0.15556562616795802,11752.7998922979
ARG,Argentina,2017,41.4,-0.10013479448742597,14532.5009308511
ARG,Argentina,2016,42.3,-0.8763515385284542,12699.9623137756
ARG,Argentina,2014,41.8,-1.1115592819747522,12233.1444119186
ARG,Argentina,2013,41.1,-1.2751986769916102,12963.675773326
ARG,Argentina,2012,41.4,-0.3133887771426159,12949.717486654
ARG,Argentina,2011,42.7,-1.104333055314582,12704.2831819684
ARG,Argentina,2010,43.7,0.47682164145124,10260.1313108254
ARM,Armenia,2018,34.4,5.4512402732582865,4196.00562301769
ARM,Armenia,2017,33.6,4.869136440625239,3869.05373867752
ARM,Armenia,2016,32.5,3.994558942020506,3524.42476874707
ARM,Armenia,2015,32.4,2.962648850739922,3512.39350276709
ARM,Armenia,2014,31.5,5.099580850717325,3852.11800610384
ARM,Armenia,2013,30.6,4.308739313593504,3680.16692158886
ARM,Armenia,2012,29.6,3.8693957952991673,3511.56399687426
ARM,Armenia,2011,29.4,3.7432474906082875,3349.55309771906
ARM,Armenia,2010,30.0,4.677747122029656,3041.34450723339
AUS,Australia,2018,34.3,1.0421660087427551,57410.1737346009
AUS,Australia,2016,33.7,0.633986073727747,50084.4440606385
AUS,Australia,2014,34.4,0.9063982233907664,62817.2061751737
AUS,Australia,2010,34.7,1.1649191583605383,52313.8939041213
AUT,Austria,2018,30.8,0.32589686424371017,51194.0749841299
AUT,Austria,2017,29.7,1.075767176826254,47163.7425775142
AUT,Austria,2016,30.8,0.522929053840208,45061.4993920192
AUT,Austria,2015,30.5,-0.16668866850268396,43915.228020857
AUT,Austria,2014,30.5,1.209441998209525,51314.9722616322
AUT,Austria,2013,30.8,0.9430252537626252,50305.3545774973
AUT,Austria,2012,30.5,0.37839130189282005,48250.4059142637
AUT,Austria,2011,30.8,0.0996276614080707,51116.8953522042
AUT,Austria,2010,30.3,0.4120728787280827,46611.1393420232
BGD,Bangladesh,2016,32.4,5.551778870154904,1649.28380858601
BGD,Bangladesh,2010,32.1,5.346790376109886,757.385280361508
BRB,Barbados,2016,34.1,-1.9265587612335628,20311.4094163764
BLR,Belarus,2018,25.2,1.0987256422785732,6360.037502312
BLR,Belarus,2017,25.4,0.8344823490598392,5785.54491935194
BLR,Belarus,2016,25.3,2.141151868483683,5039.77560949445
BLR,Belarus,2015,25.6,0.9606056066086494,5967.05595058777
BLR,Belarus,2014,27.2,0.21940029093770813,8341.31809294883
BLR,Belarus,2013,26.6,0.20793919400151592,7998.0802045456
BLR,Belarus,2012,26.5,-0.25856109795567,6953.21591683101
BLR,Belarus,2011,27.2,-0.41406865398571197,6527.6593428786
BLR,Belarus,2010,28.6,1.267824143807684,6034.67885177216
BEL,Belgium,2018,27.2,1.2789945460375307,47487.2100392561
BEL,Belgium,2017,27.4,1.4217768902813819,44035.3239358548
BEL,Belgium,2016,27.6,1.0011780648262538,41854.5498296444
BEL,Belgium,2015,27.7,-0.025933013934935235,40893.804537772
BEL,Belgium,2014,28.1,1.1921302796807036,47995.7786961339
BEL,Belgium,2013,27.7,1.076941340205258,46964.5946777056
BEL,Belgium,2012,27.5,0.7606488531444551,44874.1709182123
BEL,Belgium,2011,28.1,0.46303152740324344,47760.8298776546
BEL,Belgium,2010,28.4,0.4492639464317742,44197.393671162
BLZ,Belize,2018,39.9,2.0907373034944143,6011.99036888587
BEN,Benin,2018,37.9,3.35988589457943,1151.7409703472
BEN,Benin,2015,47.6,2.374182959370742,1002.41886879614
BEN,Benin,2011,43.4,1.6521526860368738,1059.41358852588
BTN,Bhutan,2017,37.4,1.0322221019864422,3435.28804735662
BTN,Bhutan,2012,38.8,3.915956226225197,2751.2128864294
BOL,Bolivia,2018,42.6,-0.22461840824424364,4206.8552936661
BOL,Bolivia,2017,44.6,-0.16741187718984948,4048.40119739839
BOL,Bolivia,2016,45.2,-0.1399728612516416,3035.87347732132
BOL,Bolivia,2015,46.7,-1.3781724864007934,2996.01289811344
BOL,Bolivia,2014,47.8,2.035530225580403,3041.43503162408
BOL,Bolivia,2013,47.6,2.7865782512855164,2870.02377000756
BOL,Bolivia,2012,46.6,3.531448445179918,2575.59857098084
BOL,Bolivia,2011,46.1,3.685515484521094,2315.52121930607
BIH,Bosnia and Herzegovina,2015,32.9,3.357003759898858,4662.25869219448
BIH,Bosnia and Herzegovina,2011,33.3,3.5713425255915032,4982.69375768263
BWA,Botswana,2015,54.9,0.5205948225973882,6141.20394726616
BRA,Brazil,2018,53.9,1.3050824881794654,9300.66164923219
BRA,Brazil,2017,53.3,0.9564241833515874,10080.5092819305
BRA,Brazil,2016,53.4,0.5446949042758444,8836.28652735657
BRA,Brazil,2015,51.9,-1.1209168578705857,8936.19661712113
BRA,Brazil,2014,52.1,-1.2150952763763114,12274.9939689363
BRA,Brazil,2013,52.7,-1.3883221583920176,12458.8912138813
BRA,Brazil,2012,53.4,-1.1717377182217015,12521.7213519966
BRA,Brazil,2011,52.9,-1.0698049163265764,13396.6243562986
BGR,Bulgaria,2018,41.3,3.679207266159808,9849.88769989118
BGR,Bulgaria,2017,40.4,4.033189550597809,8697.13373333715
BGR,Bulgaria,2016,40.6,3.9035733952181735,7822.89886431732
BGR,Bulgaria,2015,38.6,3.0687010997507533,7269.02586513711
BGR,Bulgaria,2014,37.4,4.44412499128525,8070.01289303544
BGR,Bulgaria,2013,36.6,3.82692198392376,7796.37945241455
BGR,Bulgaria,2012,36.0,3.375006425653946,7432.33753378983
BGR,Bulgaria,2011,34.3,2.818771535784768,7849.98219737366
BGR,Bulgaria,2010,35.7,2.493577462408454,6854.2987837778
BFA,Burkina Faso,2018,43.0,1.4454518156738974,777.465618514048
BFA,Burkina Faso,2014,35.3,2.8039639161963548,764.861675106225
BDI,Burundi,2013,38.6,0.6389969539261575,234.844770150871
CPV,Cabo Verde,2015,42.4,-0.3514720538246438,3415.06266730931
CMR,Cameroon,2014,46.6,1.2513841298319714,1649.4433905949
CAN,Canada,2018,32.5,0.334854916908016,46539.2177903178
CAN,Canada,2017,33.3,0.7599462534277583,45129.7335281051
CAN,Canada,2016,32.7,0.5645860106381664,42314.1033623905
CAN,Canada,2015,33.7,-0.5281308297590034,43594.2379080706
CAN,Canada,2014,33.2,0.6618766231376934,50960.8942086685
CAN,Canada,2013,33.8,0.9456270045696711,52637.7313222622
CAN,Canada,2012,33.5,0.9401597163973548,52670.1429540952
CAN,Canada,2011,32.7,0.7100352201039212,52224.1237767406
CAN,Canada,2010,33.6,1.1569099303566908,47560.8378831258
TCD,Chad,2018,37.5,-0.9262036521857031,948.656629871231
TCD,Chad,2011,43.3,-0.8009342184896475,1308.1421872538
CHL,Chile,2017,45.3,1.325236378245427,14879.9086227187
CHL,Chile,2015,45.3,-1.0970355363549662,13433.9202987032
CHL,Chile,2013,46.8,0.8682623700725431,15683.5486369155
CHL,Chile,2011,46.9,1.9792033873281845,14487.3927832032
CHN,China,2018,38.5,4.986866285266276,10085.6638148819
CHN,China,2017,39.1,5.133710123860548,8979.67652709856
CHN,China,2016,38.5,5.753484897087224,8254.86859320357
CHN,China,2015,38.6,5.291493894049478,8175.33285077393
CHN,China,2014,39.2,6.144532412226434,7781.06597484974
CHN,China,2013,39.7,6.363332866237917,7147.03518622344
CHN,China,2012,42.2,6.523980201669862,6405.0574241349
CHN,China,2011,42.4,6.700461865359455,5703.76027973346
CHN,China,2010,43.7,7.240851716867688,4629.24551710077
COL,Colombia,2018,51.6,1.6698380253691845,6816.96818309544
COL,Colombia,2017,50.9,1.865337734363171,6479.53231292429
COL,Colombia,2016,51.7,0.6075335161248361,5959.84250367574
COL,Colombia,2015,52.0,-1.094832289227988,6248.51490534512
COL,Colombia,2014,53.6,1.0209131202415838,8187.20824890084
COL,Colombia,2013,53.5,1.4629463151145459,8279.10255642981
COL,Colombia,2012,53.6,2.1521521013550555,8108.59838244229
COL,Colombia,2011,53.3,2.7475356672634703,7400.9940695669
COL,Colombia,2010,54.4,3.6929528225665975,6398.2958447102
COM,Comoros,2014,45.3,0.6969984361056184,1615.71709756316
COD,"Congo, Dem. Rep.",2012,42.1,3.522923917080745,409.931424783784
COG,"Congo, Rep.",2011,48.9,-0.9867375923661618,3396.16505817952
CRI,Costa Rica,2018,48.0,2.805968282539898,12620.0207321581
CRI,Costa Rica,2017,48.3,2.330479669637438,12317.0902779911
CRI,Costa Rica,2016,48.7,1.964371774426258,12091.0301560892
CRI,Costa Rica,2015,48.4,1.061742495915144,11714.7106121672
CRI,Costa Rica,2014,48.6,2.533789407744848,10911.4978703456
CRI,Costa Rica,2013,49.2,2.6506368965969562,10803.2401795009
CRI,Costa Rica,2012,48.4,2.5372927033257198,10126.9991155066
CRI,Costa Rica,2011,48.8,2.6347424706588796,9276.39109377477
CRI,Costa Rica,2010,48.0,2.6401469171356515,8265.78820580299
CIV,Cote d'Ivoire,2018,37.2,2.862522932131122,2130.86619381144
CIV,Cote d'Ivoire,2015,41.5,2.545956276491072,1814.71855088017
HRV,Croatia,2018,29.7,4.379206978993307,15460.4560798984
HRV,Croatia,2017,30.4,4.50234477879242,13901.6498657787
HRV,Croatia,2016,30.9,3.904883162490782,12820.1872746645
HRV,Croatia,2015,31.1,2.09331938081473,12283.8750299177
HRV,Croatia,2014,32.1,4.300518180619198,14186.7712230471
HRV,Croatia,2013,32.0,3.515484051240056,14135.0903485872
HRV,Croatia,2012,32.5,2.759933397447095,13507.6349882758
HRV,Croatia,2011,32.3,1.4140855716474967,14691.591757962
HRV,Croatia,2010,32.4,0.5416233803008117,13729.7472872883
CYP,Cyprus,2018,32.7,3.615346583426002,29120.38671875
CYP,Cyprus,2017,31.4,4.297479752459684,26247.46484375
CYP,Cyprus,2016,32.9,3.9210407274697063,24280.044921875
CYP,Cyprus,2015,34.0,3.1754098272113502,23088.4296875
CYP,Cyprus,2014,35.6,4.717241550902062,26993.095703125
CYP,Cyprus,2013,37.0,3.5258210371802385,27764.7265625
CYP,Cyprus,2012,34.3,1.219546841347602,28991.9296875
CYP,Cyprus,2011,32.6,-0.7326120342142618,32485.8046875
CYP,Cyprus,2010,31.5,-2.358870972459236,31105.02734375
CZE,Czechia,2018,25.0,0.615826811362196,23705.9329811299
CZE,Czechia,2017,24.9,1.45719609045398,20913.197632212
CZE,Czechia,2016,25.4,2.1872871830973977,18753.9686718096
CZE,Czechia,2015,25.9,1.47788409613098,17931.5987670768
CZE,Czechia,2014,25.9,3.535392848643338,20038.4163180257
CZE,Czechia,2013,26.5,3.331168753577166,20260.4954999375
CZE,Czechia,2012,26.1,2.8187786145177696,20014.0354015165
CZE,Czechia,2011,26.4,1.6579848979649079,22049.1080788682
CZE,Czechia,2010,26.6,1.4936112852831398,20160.4355077059
DNK,Denmark,2018,28.2,0.9677877832481183,61324.7665045565
DNK,Denmark,2017,28.7,1.2666914425677667,57521.5514992225
DNK,Denmark,2016,28.2,1.814621300617366,54500.9260410217
DNK,Denmark,2015,28.2,1.061048449489044,53094.0133607574
DNK,Denmark,2014,28.4,1.7514093892331442,62520.4509747011
DNK,Denmark,2013,28.5,1.635004129576652,61377.5940590412
DNK,Denmark,2012,27.8,1.5579341111151201,58443.7747103968
DNK,Denmark,2011,27.3,1.002620555830743,61809.737898222
DNK,Denmark,2010,27.2,0.7271655331101419,58104.5445594981
DJI,Djibouti,2017,41.6,2.6656070198572723,2618.95521147369
DJI,Djibouti,2013,44.1,4.584038916289893,2075.94498424748
DOM,Dominican Republic,2018,43.7,2.6563005744120223,7882.98221584944
DOM,Dominican Republic,2017,42.2,3.58979933383781,7412.71571571512
DOM,Dominican Republic,2016,45.7,3.305084783854624,7160.44200982307
DOM,Dominican Republic,2015,45.2,1.8467851329749798,6800.95309395474
DOM,Dominican Republic,2014,44.3,4.776624558307864,6496.45166971142
DOM,Dominican Republic,2013,47.7,5.183000585088833,6136.59429329301
DOM,Dominican Republic,2012,46.1,4.725218975856469,6013.81965002603
DOM,Dominican Republic,2011,47.7,4.46377528141554,5826.51014109195
DOM,Dominican Republic,2010,47.3,3.733769828949402,5478.62470398954
ECU,Ecuador,2018,45.4,0.5462168418200385,6303.91886658338
ECU,Ecuador,2017,44.7,0.22165339729857364,6233.32244797718
ECU,Ecuador,2016,45.0,0.08838513815246385,5917.63771271481
ECU,Ecuador,2015,46.0,-2.0522957146252963,5976.1596805651
ECU,Ecuador,2014,45.0,-0.25067890132772636,6405.79979300441
ECU,Ecuador,2013,46.9,0.6006520212326256,6109.29031510341
ECU,Ecuador,2012,46.1,1.8591249602493298,5634.08393191094
ECU,Ecuador,2011,45.9,1.809201624458852,5153.6916424375
ECU,Ecuador,2010,48.8,3.5773532509709702,4520.30959039763
EGY,"Egypt, Arab Rep.",2017,31.5,3.145278334009542,2395.10333299491
EGY,"Egypt, Arab Rep.",2015,31.8,2.662751341179552,3306.98159414141
EGY,"Egypt, Arab Rep.",2012,28.3,1.4051223584048393,2996.0677072015
EGY,"Egypt, Arab Rep.",2010,30.2,0.45257399534265,2455.08194645282
SLV,El Salvador,2018,38.6,2.255017181744042,4183.54620971358
SLV,El Salvador,2017,38.0,2.14183401209864,4020.12671373919
SLV,El Salvador,2016,40.0,2.0389791425771358,3901.34014965811
SLV,El Salvador,2015,40.6,0.18472579533050187,3790.34089108162
SLV,El Salvador,2014,41.6,2.2112241603673075,3666.01248913873
SLV,El Salvador,2013,43.4,1.9941403610392783,3582.26694005169
SLV,El Salvador,2012,41.8,1.896620821950426,3497.91256915509
SLV,El Salvador,2011,42.3,1.9733142540100563,3330.60049486653
SLV,El Salvador,2010,43.5,2.2089293651769983,3040.07300952878
EST,Estonia,2018,30.3,0.3205566932242262,23618.1361254581
EST,Estonia,2017,30.4,1.8417075262578364,20851.5223496861
EST,Estonia,2016,31.2,3.4505889153839546,18666.3736521706
EST,Estonia,2015,32.7,2.435152224064646,17722.1557669523
EST,Estonia,2014,34.6,3.4045316435129798,20581.7898991695
EST,Estonia,2013,35.1,3.4549621016176437,19310.3874900757
EST,Estonia,2012,32.9,3.2109366288794794,17568.2137969714
EST,Estonia,2011,32.5,2.9183195382085,17555.5455239426
EST,Estonia,2010,32.0,3.892546807460576,14663.7041018705
SWZ,Eswatini,2016,54.6,1.275242666912924,3238.17611961364
ETH,Ethiopia,2015,35.0,5.162473639562808,597.912113218663
ETH,Ethiopia,2010,33.2,7.225694086875147,330.619412798644
FJI,Fiji,2013,36.7,4.3242132502830355,4572.44377544245
FIN,Finland,2018,27.3,-0.044202719802621845,49654.2497035329
FIN,Finland,2017,27.4,0.5238181336842542,46085.0174739036
FIN,Finland,2016,27.1,1.038185554548898,43451.2562442158
FIN,Finland,2015,27.1,1.0009482007884578,42560.3456767103
FIN,Finland,2014,26.8,1.5543734500545079,50073.7760815871
FIN,Finland,2013,27.2,1.1289889287004786,49691.0145200739
FIN,Finland,2012,27.1,0.6302399820172925,47551.6740841369
FIN,Finland,2011,27.6,-0.38006452257484524,51060.3242589767
FIN,Finland,2010,27.7,-0.4522025922348293,46506.2919016566
FRA,France,2018,32.4,0.7624655611623998,41418.1766484844
FRA,France,2017,31.6,0.786789549668628,38687.1626407164
FRA,France,2016,31.9,0.7039309314095581,37024.2157133669
FRA,France,2015,32.7,-0.47753075762700953,36702.4323733379
FRA,France,2014,32.3,1.2121888629531161,43148.0459288416
FRA,France,2013,32.5,0.9783239276590457,42669.1795111893
FRA,France,2012,33.1,0.7743196302021118,40863.5814412333
FRA,France,2011,33.3,0.356840785579189,43929.7840873812
FRA,France,2010,33.7,0.6268590459503746,40694.8211697025
GAB,Gabon,2017,38.0,-0.9116926815213562,6921.73373135624
GMB,"Gambia, The",2015,35.9,1.6320475453862122,619.536364296461
GMB,"Gambia, The",2010,43.6,-2.3217263722192856,801.033372714536
GEO,Georgia,2018,36.4,5.771971367221294,4804.0546040444
GEO,Georgia,2017,37.9,5.44352375394088,4418.75206546679
GEO,Georgia,2016,36.6,4.304247347990192,4143.40125686315
GEO,Georgia,2015,36.5,2.768902403267062,4086.6223465965
GEO,Georgia,2014,37.6,4.677538423405884,4830.33486170249
GEO,Georgia,2013,38.6,4.373529596288596,4712.00229382665
GEO,Georgia,2012,39.0,4.242796637210712,4530.69533409431
GEO,Georgia,2011,39.6,4.686981713013138,4119.66818307193
GEO,Georgia,2010,39.5,5.770036831053088,3281.72930937343
DEU,Germany,2018,31.9,0.2475557245118869,48916.1686612154
DEU,Germany,2017,31.3,0.6139840877051914,45553.9341495339
DEU,Germany,2016,31.3,0.7305497461566894,42948.9381932694
DEU,Germany,2015,31.4,0.2374216855391075,41929.7549110722
DEU,Germany,2014,30.8,1.2368027581068968,48959.5991203133
DEU,Germany,2013,31.4,1.437770794082299,47206.8353514242
DEU,Germany,2012,30.9,1.2960053843493613,44718.0159214069
DEU,Germany,2011,30.4,0.8681350479146213,47630.9761883572
DEU,Germany,2010,30.2,1.7279142907954632,42396.9665976293
GHA,Ghana,2016,43.5,3.152045052002412,1912.47991339951
GHA,Ghana,2012,42.4,2.3659743168624616,1543.77524235764
GRC,Greece,2018,32.9,2.5306822983299426,19873.4015238771
GRC,Greece,2017,34.4,2.4981162593480457,18631.9930129293
GRC,Greece,2016,35.0,1.46097268463601,17919.2426377048
GRC,Greece,2015,36.0,-0.4570731275972125,17980.7298238137
GRC,Greece,2014,35.8,1.429404898215847,21474.7257123892
GRC,Greece,2013,36.1,1.245581092501401,21573.3449762805
GRC,Greece,2012,36.3,0.4790115686918489,21624.346052551
GRC,Greece,2011,34.8,-1.4226103477403291,25504.7866510124
GRC,Greece,2010,34.1,-3.4482490426108208,26653.0488008626
GRD,Grenada,2018,43.8,0.45359552951323884,10083.021279225
GTM,Guatemala,2014,48.3,1.6747584566341818,3689.14510410202
GIN,Guinea,2018,29.6,2.476130163499336,933.273615633705
GIN,Guinea,2012,33.7,3.8700456274590933,699.353377212197
GNB,Guinea-Bissau,2018,34.8,2.3144825970732135,808.531613218504
GNB,Guinea-Bissau,2010,50.6,0.6636771220204587,600.194298540768
HTI,Haiti,2012,41.1,1.1273458589795358,1361.39396587374
HND,Honduras,2018,48.9,1.0201354464763939,2464.64241531918
HND,Honduras,2017,49.4,1.0495497261478897,2413.0076562942
HND,Honduras,2016,49.8,1.151395180696758,2307.34468351082
HND,Honduras,2015,49.2,-0.5971007558181542,2271.20265980349
HND,Honduras,2014,49.9,1.8889871856247482,2179.88171977271
HND,Honduras,2013,50.0,1.961369904959358,2081.12843527945
HND,Honduras,2012,53.4,1.724409603312791,2126.03474686503
HND,Honduras,2011,52.6,1.5489602805731812,2073.66121088074
HND,Honduras,2010,53.1,1.4991865336038148,1893.32722662035
HUN,Hungary,2017,30.6,3.80564465640022,14736.1668157258
HUN,Hungary,2016,30.3,3.8145775615279702,13215.8605277789
HUN,Hungary,2015,30.4,2.849569290400192,12782.9412577973
HUN,Hungary,2014,30.9,4.4756525143269865,14352.501883174
HUN,Hungary,2013,31.5,4.38501002713676,13739.4620151401
HUN,Hungary,2012,30.8,3.725595914069872,12950.1594488143
HUN,Hungary,2011,29.2,2.6643794744753544,14211.460557822
HUN,Hungary,2010,29.4,2.5380634638448702,13189.8433874768
ISL,Iceland,2018,26.6,0.8901025701087579,75633.8651351915
ISL,Iceland,2017,26.1,0.46200629214892996,72976.3729990975
ISL,Iceland,2016,27.2,-0.5517927177214641,62854.0906407932
ISL,Iceland,2015,26.8,-0.2950938255730501,53505.6964079339
ISL,Iceland,2014,27.8,1.8732786223477802,55140.364935793
ISL,Iceland,2013,25.4,2.242834337489936,50173.3360061057
ISL,Iceland,2012,26.8,2.3881666221691003,46594.9869146614
ISL,Iceland,2011,26.8,2.2974532863753487,48254.953927254
ISL,Iceland,2010,26.2,1.5608344155643665,43776.4677400475
IND,India,2011,28.8,5.749712465736934,1445.46127486037
IDN,Indonesia,2018,36.3,2.5627294626376482,3860.95353090726
IDN,Indonesia,2017,36.4,2.561121593919208,3798.88326174526
IDN,Indonesia,2016,36.9,2.456446171041302,3521.46943457574
IDN,Indonesia,2015,38.2,2.6436023375766977,3288.22269725538
IDN,Indonesia,2014,38.8,3.963616003331564,3441.06808464008
IDN,Indonesia,2013,38.9,3.9112923572757206,3566.60284506078
IDN,Indonesia,2012,37.1,3.930640175909841,3632.27254030331
IDN,Indonesia,2011,37.9,4.065501193947346,3579.46442466152
IDN,Indonesia,2010,34.6,4.247981195981708,3065.68348377765
IRN,"Iran, Islamic Rep.",2018,37.4,2.1362339077659582,4783.01067340237
IRN,"Iran, Islamic Rep.",2017,36.7,0.32837668137774845,6000.93346404409
IRN,"Iran, Islamic Rep.",2016,35.9,0.01801425617221808,5710.59947089104
IRN,"Iran, Islamic Rep.",2015,35.3,0.8174623619174302,4952.73355532178
IRN,"Iran, Islamic Rep.",2014,34.8,-0.46253063790596005,5672.06372896319
IRN,"Iran, Islamic Rep.",2013,34.0,0.9360201639031359,6222.74194840326
IRN,"Iran, Islamic Rep.",2012,34.4,1.3694197066667158,8114.08099831877
IRN,"Iran, Islamic Rep.",2011,34.7,0.06955961179605782,8025.68743364356
IRQ,Iraq,2012,29.5,1.6679438498864205,6477.59618450955
IRL,Ireland,2018,30.6,4.965586801205193,80804.1123164826
IRL,Ireland,2017,31.4,7.062474987807437,72161.4047531385
IRL,Ireland,2016,32.8,7.708537488099583,64129.5571542383
IRL,Ireland,2015,31.8,4.765445757069368,64250.1385181257
IRL,Ireland,2014,31.9,8.294247277963091,57214.5379785709
IRL,Ireland,2013,33.5,9.348386542430612,52537.6108648692
IRL,Ireland,2012,33.2,8.452247725220912,49335.8408099555
IRL,Ireland,2011,32.9,6.560495878593933,52613.8540355689
IRL,Ireland,2010,32.3,6.807590343825247,48623.9666422487
ISR,Israel,2018,38.6,1.7896872886465278,42269.3770257585
ISR,Israel,2017,38.2,2.394884460246274,41013.2575323519
ISR,Israel,2016,39.0,2.0043833074974744,37571.2561196275
ISR,Israel,2015,39.7,1.0033626427402118,36138.13561386
ISR,Israel,2014,39.8,1.7531877703703274,38265.3651949373
ISR,Israel,2013,39.9,1.7783435892811053,36980.622214228
ISR,Israel,2012,41.3,1.7979039546238873,33268.7066672115
ISR,Israel,2011,41.5,1.4371348576761158,34476.7252065949
ISR,Israel,2010,42.6,1.652065477724872,31398.9266927022
ITA,Italy,2018,35.2,1.5511602136488931,35062.3364176949
ITA,Italy,2017,35.9,1.563959722211251,32844.115660604
ITA,Italy,2016,35.2,0.9162700847494151,31391.5692898108
ITA,Italy,2015,35.4,-0.6967932258637349,30639.8829751432
ITA,Italy,2014,34.7,1.195507785526475,36028.3494022349
ITA,Italy,2013,34.9,1.0565657211460877,35701.6746002376
ITA,Italy,2012,35.2,0.44633462824648584,34854.3949441965
ITA,Italy,2011,35.1,-0.5906332109957564,38432.3742820019
ITA,Italy,2010,34.7,-0.8069038957145847,35856.8625485539
JAM,Jamaica,2018,35.3,1.5404610737785818,5976.90362644337
JPN,Japan,2018,32.9,0.5734553963529996,40645.478086519
JPN,Japan,2017,31.8,0.5233146630666872,39679.8635262948
JPN,Japan,2016,31.8,0.5081703812560212,40214.9688631562
JPN,Japan,2015,30.7,-0.14885779978800145,35664.6446110613
JPN,Japan,2014,31.3,1.0330104577279267,39172.8471161948
JPN,Japan,2013,31.5,1.274663969925601,41369.1948479498
JPN,Japan,2012,32.5,1.5111385004351494,49626.6830327571
JPN,Japan,2011,33.0,1.5320825528334634,49122.077634247
JPN,Japan,2010,31.5,1.3777167991894455,45378.1378109399
JOR,Jordan,2010,33.7,-2.554611217079613,4139.04283161368
KAZ,Kazakhstan,2018,27.8,1.464405288742126,9472.48527327758
KAZ,Kazakhstan,2017,27.5,1.2611412049467021,8943.08416791984
KAZ,Kazakhstan,2016,27.2,1.4190945005082498,7475.56688689424
KAZ,Kazakhstan,2015,26.8,0.7476871200383364,10196.1226255982
KAZ,Kazakhstan,2014,27.0,1.4606806025465346,12427.7094576939
KAZ,Kazakhstan,2013,27.1,1.3979971028495246,13478.459627612
KAZ,Kazakhstan,2012,28.2,1.7844230794236302,12018.7966527993
KAZ,Kazakhstan,2011,28.0,1.9554712548663287,11287.1464926039
KAZ,Kazakhstan,2010,28.0,3.234679442047728,8793.07589980782
KEN,Kenya,2015,40.8,1.585294717395266,1489.11959777284
KOR,"Korea, Rep.",2018,33.7,2.0587766258405726,35363.9508228687
KOR,"Korea, Rep.",2017,34.9,2.3038674864434348,33296.9845439195
KOR,"Korea, Rep.",2016,35.2,2.348395455525589,30832.0628072516
KOR,"Korea, Rep.",2014,31.2,2.594642474720636,30667.0912467447
KOR,"Korea, Rep.",2012,31.6,2.73511050305951,26600.5477433903
KOR,"Korea, Rep.",2010,32.0,2.53467949552455,24071.2620526362
XKX,Kosovo,2018,44.6,5.103621563204383,4384.18796440547
XKX,Kosovo,2017,44.2,3.844912379942054,4009.32022064732
XKX,Kosovo,2016,26.7,3.584770616194876,3759.44777525332
XKX,Kosovo,2015,26.5,2.62666590685591,3520.62685324451
XKX,Kosovo,2014,27.3,5.181676499381532,3902.49322261901
XKX,Kosovo,2013,26.3,4.864883201304542,3704.55812411167
XKX,Kosovo,2012,29.0,5.194151506855496,3410.65497983011
XKX,Kosovo,2011,27.8,4.558068626107584,3538.94809762524
XKX,Kosovo,2010,33.3,4.542463731605388,2987.54523493128
KGZ,Kyrgyz Republic,2018,27.7,2.193803228508034,1283.5203037417
KGZ,Kyrgyz Republic,2017,27.3,1.0827381157771097,1221.39046807082
KGZ,Kyrgyz Republic,2016,26.8,0.18832804495737787,1103.27489428412
KGZ,Kyrgyz Republic,2015,29.0,-0.1192556418169981,1105.65193844261
KGZ,Kyrgyz Republic,2014,26.8,2.000675001650592,1264.52668823891
KGZ,Kyrgyz Republic,2013,28.8,1.895872069899864,1269.66303464348
KGZ,Kyrgyz Republic,2012,27.4,3.2895333193731204,1168.62244675446
KGZ,Kyrgyz Republic,2011,27.8,2.3872814183755002,1117.40174350185
KGZ,Kyrgyz Republic,2010,30.1,2.86472180910879,876.954476440354
LAO,Lao PDR,2018,38.8,1.5032298357534473,2545.1075420815
LAO,Lao PDR,2012,36.0,5.792375228938744,1563.5650771337
LVA,Latvia,2018,35.1,1.490457444642072,17252.1710428626
LVA,Latvia,2017,35.6,2.7494081711573046,15132.4958333982
LVA,Latvia,2016,34.3,3.17618820581963,13838.5266823272
LVA,Latvia,2015,34.2,2.3051863273632742,13321.9753140616
LVA,Latvia,2014,35.1,3.790469514163488,15185.814581236
LVA,Latvia,2013,35.5,4.127115052323739,14484.4715282132
LVA,Latvia,2012,35.2,3.74108454894223,13329.3499931271
LVA,Latvia,2011,35.8,4.606112726783456,12902.574053337
LVA,Latvia,2010,35.0,4.893391444823715,11188.4191700977
LBN,Lebanon,2011,31.8,-2.062972703564362,7834.96257108993
LSO,Lesotho,2017,44.9,-2.4191311047641717,1069.36673247542
LBR,Liberia,2016,35.3,-1.3762998025936972,714.613063145659
LBR,Liberia,2014,33.2,-2.0612812136071534,706.714490064507
LTU,Lithuania,2018,35.7,2.495968934883458,19247.2315367967
LTU,Lithuania,2017,37.3,3.7864677500178594,16800.1510246099
LTU,Lithuania,2016,38.4,4.639478366759339,14934.2702840428
LTU,Lithuania,2015,37.4,4.120932370432294,14269.8039878287
LTU,Lithuania,2014,37.7,4.8585079682023835,16446.1647181663
LTU,Lithuania,2013,35.3,4.786701833449959,15636.5252586048
LTU,Lithuania,2012,35.1,4.633933770890573,14288.1853493139
LTU,Lithuania,2011,32.5,4.6049837737504475,14261.8433787325
LTU,Lithuania,2010,33.6,5.579943449018112,11829.122609457
LUX,Luxembourg,2018,35.4,-0.21157061324043544,116926.759593905
LUX,Luxembourg,2017,34.5,0.10292424260052321,110193.213797228
LUX,Luxembourg,2016,31.7,0.49408277448739923,106899.293549552
LUX,Luxembourg,2015,32.9,-0.021644728652852763,105462.012584423
LUX,Luxembourg,2014,31.2,0.3858177733907584,123678.706919314
LUX,Luxembourg,2013,32.0,0.28189599446806457,120000.140729859
LUX,Luxembourg,2012,34.3,0.5107732810610802,112584.676270958
LUX,Luxembourg,2011,32.1,0.5815352795658749,119025.057203467
LUX,Luxembourg,2010,30.5,-0.201785142831509,110885.991378721
MDG,Madagascar,2012,42.6,0.6360245804438702,493.511162904211
MDG,Madagascar,2010,42.4,-0.09154486051938382,450.009391645726
MWI,Malawi,2016,44.7,1.165660005380564,450.506105510719
MWI,Malawi,2010,45.5,1.2213882116847397,683.124694716799
MYS,Malaysia,2018,41.2,1.6364883162263282,10901.8019954421
MYS,Malaysia,2015,41.1,1.1412190209647182,9648.6797937523
MYS,Malaysia,2013,41.3,3.429238430644528,10713.6407638899
MYS,Malaysia,2011,43.6,3.3444614014791,10217.1068585031
MDV,Maldives,2016,31.3,2.2794600616228466,9947.80744731739
MLI,Mali,2018,36.0,0.017582465686550287,996.379292136901
MLT,Malta,2018,28.7,2.697649757721212,33382.280781103
MLT,Malta,2017,29.2,2.1305643911030465,30317.2611769875
MLT,Malta,2016,29.1,4.09756066261932,26459.0644285369
MLT,Malta,2015,29.4,1.8883094269195884,25529.6693210673
MLT,Malta,2014,29.0,4.4075647427860885,27424.5693619702
MLT,Malta,2013,28.8,5.5128201083069985,25415.5525389054
MLT,Malta,2012,29.4,5.83828149244961,22878.3095862582
MLT,Malta,2011,29.1,4.4874886092748065,23516.972445816
MLT,Malta,2010,29.0,4.255964718301021,21946.6073066905
MRT,Mauritania,2014,32.6,1.102051088759134,1718.97089374709
MUS,Mauritius,2017,36.8,0.934557060132342,10986.7034093005
MUS,Mauritius,2012,38.5,3.6145852585529616,9421.52514098225
MEX,Mexico,2018,46.0,0.009727973579596228,10084.7937570364
MEX,Mexico,2016,46.9,-0.6319269848388556,9097.92397674769
MEX,Mexico,2014,48.9,0.6001670284375111,11391.3773503964
MEX,Mexico,2012,49.6,0.8294388296617935,10744.1335236186
MEX,Mexico,2010,47.7,1.3160790302351084,9728.80078307432
FSM,"Micronesia, Fed. Sts.",2013,40.1,0.7812599773215133,2904.1536796737
MDA,Moldova,2018,25.7,3.1211245852226277,4156.44981956646
MDA,Moldova,2017,25.9,3.484035759273952,3453.26727720294
MDA,Moldova,2016,26.3,5.10522337484652,2847.08794770479
MDA,Moldova,2015,27.0,3.148099005264492,2749.55137054338
MDA,Moldova,2014,26.8,4.686584736403725,3289.95758568777
MDA,Moldova,2013,28.5,4.654755928565449,3321.04397795719
MDA,Moldova,2012,29.2,5.285297607504106,3044.8084324815
MDA,Moldova,2011,30.6,3.971875034183107,2941.36224066021
MDA,Moldova,2010,32.1,3.973716906002771,2436.79935102421
MNG,Mongolia,2018,32.7,1.3631280294016288,4107.64288528468
MNG,Mongolia,2016,32.3,1.3458632643898365,3619.90026383792
MNG,Mongolia,2014,32.0,2.546525802804161,4126.23975800524
MNG,Mongolia,2012,33.8,3.6429323798262994,4328.89001905655
MNG,Mongolia,2011,33.9,4.960160195105639,3736.04201455077
MNG,Mongolia,2010,33.1,8.126183186224761,2625.21881402433
MNE,Montenegro,2018,36.8,3.435254976699722,8673.59469069858
MNE,Montenegro,2017,36.9,3.068801575732344,7674.2856571219
MNE,Montenegro,2016,38.5,2.09296758388282,6968.01202883651
MNE,Montenegro,2015,39.0,0.09275711224107805,6421.00005731419
MNE,Montenegro,2014,38.8,3.561697867986866,7342.17147363741
MNE,Montenegro,2013,39.0,3.1294920923023524,7102.7776714702
MNE,Montenegro,2012,41.2,2.8365559330687042,6552.47970337373
MNE,Montenegro,2011,30.8,1.6828210722064683,7265.51771176628
MNE,Montenegro,2010,28.9,1.6695687914709538,6678.63939560908
MAR,Morocco,2013,39.5,1.9098148533793107,3379.7431640625
MOZ,Mozambique,2014,54.0,1.0822374556607448,697.142680444123
MMR,Myanmar,2017,30.7,-1.5326479454821484,1272.82241830603
MMR,Myanmar,2015,38.1,2.397585417948574,1166.73305546337
NAM,Namibia,2015,59.1,-4.468655598244724,4774.10650865775
NRU,Naoero,2012,32.4,2.198915973698108,9842.77032731856
NPL,Nepal,2010,32.8,3.9575987084392543,585.278491984574
NLD,Netherlands,2018,28.1,1.077428054734172,53955.0770024266
NLD,Netherlands,2017,28.5,1.7255823019394938,49513.6817346384
NLD,Netherlands,2016,28.2,1.3585172019228338,46808.5291492503
NLD,Netherlands,2015,28.2,0.5902587276079099,45793.8135434697
NLD,Netherlands,2014,28.6,1.8041770042505738,53457.2234864322
NLD,Netherlands,2013,28.1,1.72725156091782,52602.2860520766
NLD,Netherlands,2012,27.6,1.3296740983978563,50473.9442002689
NLD,Netherlands,2011,27.8,0.6258263423028321,54701.7728030611
NLD,Netherlands,2010,27.8,0.509638438166734,51305.7338533973
NIC,Nicaragua,2014,46.2,0.20291629885158197,1958.37047579547
NER,Niger,2018,37.3,1.8897324292566076,576.927536415462
NER,Niger,2014,34.3,1.7600981173404455,565.30989731175
NER,Niger,2011,31.5,2.3577981809919857,510.75956176268
NGA,Nigeria,2018,35.1,-1.2023438521884693,2057.87944554011
NGA,Nigeria,2015,35.9,-2.8788091609161133,2585.73360671797
NGA,Nigeria,2012,35.5,0.3598527240968294,2633.19734671361
NGA,Nigeria,2010,35.7,2.241922843595323,2202.25672957344
MKD,North Macedonia,2018,33.0,2.478390894114148,6713.98925398989
MKD,North Macedonia,2017,34.2,2.604429369509706,5955.2973863451
MKD,North Macedonia,2016,34.5,2.2899156299047596,5598.48622617967
MKD,North Macedonia,2015,35.6,1.807134763457292,5262.68671928674
MKD,North Macedonia,2014,35.2,3.3648665121681396,5925.38592218015
MKD,North Macedonia,2013,36.2,3.2227130214541604,5626.26115664893
MKD,North Macedonia,2012,38.1,3.2030815399757864,5049.8265386157
MKD,North Macedonia,2011,39.4,2.8921386558646334,5416.86672931659
MKD,North Macedonia,2010,40.1,2.818496309191583,4833.36586759968
NOR,Norway,2018,27.6,0.9603034185155765,85579.0776455494
NOR,Norway,2017,27.0,1.2059678901214541,78771.2151264554
NOR,Norway,2016,28.5,0.9448113378626182,73222.4006864905
NOR,Norway,2015,27.5,0.3079020291461205,77220.9524311414
NOR,Norway,2014,26.8,0.9026009713645365,100410.020200979
NOR,Norway,2013,26.4,0.9352579124766336,106333.138368566
NOR,Norway,2012,25.7,0.8573726462633331,104627.93694681
NOR,Norway,2011,25.3,0.7850738350724311,103545.218988177
NOR,Norway,2010,25.7,0.7201198654132425,90020.342257973
PAK,Pakistan,2018,29.6,0.6558640195213021,1569.33814626355
PAK,Pakistan,2015,31.3,2.068505525870642,1380.47020838317
PAK,Pakistan,2013,29.5,3.5871630686231257,1225.4340119198
PAK,Pakistan,2011,29.7,2.8584312231736817,1131.73513834324
PAK,Pakistan,2010,28.8,1.9011684102847286,987.304571124485
PAN,Panama,2018,49.2,2.603435322372854,16151.3273478476
PAN,Panama,2017,49.9,1.88771304185862,15694.6297454295
PAN,Panama,2016,50.4,0.748973677446188,14832.3611608191
PAN,Panama,2015,50.8,-1.7089501541018959,14082.6548502728
PAN,Panama,2014,50.5,2.771675616097722,13213.1989637473
PAN,Panama,2013,51.5,3.042733187494766,12273.3225037637
PAN,Panama,2012,51.7,3.5014995829291906,11064.8063606203
PAN,Panama,2011,51.3,4.253896296791016,9662.29592216607
PAN,Panama,2010,51.6,5.686008934052154,8331.46421351868
PRY,Paraguay,2018,46.0,0.33832422563835196,6258.44991640954
PRY,Paraguay,2017,48.5,-0.10545431013819004,6152.26711537703
PRY,Paraguay,2016,47.9,0.7916945476216959,5775.1596339946
PRY,Paraguay,2015,47.6,0.7962775489265019,5879.33792308671
PRY,Paraguay,2014,50.7,1.519515736020578,6652.25478942291
PRY,Paraguay,2013,47.9,2.6250704062375183,6435.68342733182
PRY,Paraguay,2012,47.6,3.618444002300204,5642.1699167298
PRY,Paraguay,2011,52.3,2.533485079595924,5805.40154543044
PRY,Paraguay,2010,51.0,2.5626005557318456,4750.96273669322
PER,Peru,2018,42.4,0.24810276034226142,6978.49121548627
PER,Peru,2017,43.3,0.9565902668147513,6736.16693725487
PER,Peru,2016,43.6,0.7931367779820853,6217.03599995447
PER,Peru,2015,43.4,-1.1578659780837772,6231.71150338894
PER,Peru,2014,43.1,1.6586826803966872,6667.13410360861
PER,Peru,2013,43.9,1.832103187003104,6746.80025696601
PER,Peru,2012,44.4,2.392277084801028,6519.37852981527
PER,Peru,2011,44.7,3.239416841516062,5861.35793645245
PER,Peru,2010,45.5,3.831362014569158,5072.11494019615
PHL,Philippines,2018,42.3,2.096440918190028,3168.51036609727
PHL,Philippines,2015,44.6,2.120929939338828,2909.85818010301
PHL,Philippines,2012,46.5,5.089700528788326,2614.61644401308
POL,Poland,2018,30.2,3.709130469335176,15658.210586693
POL,Poland,2017,29.7,4.834974070147856,13913.3415190124
POL,Poland,2016,31.2,4.720385959598375,12464.0121044827
POL,Poland,2015,31.8,3.6411374161363383,12637.5220324406
POL,Poland,2014,32.8,4.713654751881911,14262.2841914116
POL,Poland,2013,33.1,4.592116961449,13621.9023794031
POL,Poland,2012,33.0,3.4919091358232466,13087.420943321
POL,Poland,2011,33.2,2.766446924887383,13867.6669408192
POL,Poland,2010,33.2,3.1911283130293824,12567.7317676382
PRT,Portugal,2018,33.5,1.4519733183761578,23541.1401075289
PRT,Portugal,2017,33.8,1.7346138502610937,21442.3842768879
PRT,Portugal,2016,35.2,1.1995200403632058,19980.2808866516
PRT,Portugal,2015,35.5,0.6849799532557559,19215.7813014347
PRT,Portugal,2014,35.6,2.747473222277704,22120.6850127107
PRT,Portugal,2013,36.2,2.460422095339268,21676.4859642714
PRT,Portugal,2012,36.0,1.7503351003507224,20593.4274224109
PRT,Portugal,2011,36.3,0.30471194370245236,23246.5425416481
PRT,Portugal,2010,35.8,-0.4743454939062796,22551.935098809
QAT,Qatar,2017,35.1,0.19786185462625758,63279.8556949332
ROU,Romania,2018,35.8,2.920441148333348,12416.134317959
ROU,Romania,2017,36.0,3.6854766445185376,10727.9822007426
ROU,Romania,2016,34.4,4.532001854576636,9404.54005870715
ROU,Romania,2015,35.9,3.9467376297006007,8977.01748158196
ROU,Romania,2014,36.0,5.288474961761783,10031.7710755404
ROU,Romania,2013,36.9,5.2879374583449685,9497.67411615237
ROU,Romania,2012,36.5,4.215195821518409,8929.95366231474
ROU,Romania,2011,35.9,2.9223186407911634,9560.6755277458
ROU,Romania,2010,35.5,3.234146300757401,8399.5374234284
RUS,Russian Federation,2018,35.3,1.8197393461654703,11211.8876953125
RUS,Russian Federation,2017,35.5,1.4905648963002442,10658.9130859375
RUS,Russian Federation,2016,36.7,2.032853312817236,8663.158203125
RUS,Russian Federation,2015,36.5,0.7710384411551161,9277.7138671875
RUS,Russian Federation,2014,36.9,0.8211570224258,14055.47265625
RUS,Russian Federation,2013,40.9,0.1683636895026941,15941.4482421875
RUS,Russian Federation,2012,40.7,-0.08414478429466583,15401.8515625
RUS,Russian Federation,2011,39.7,0.3454436111255482,14305.33203125
RUS,Russian Federation,2010,39.5,1.198938249784132,10674.990234375
RWA,Rwanda,2016,43.7,3.164729558675396,721.258515833094
RWA,Rwanda,2013,45.1,4.099538998674614,695.397140963607
RWA,Rwanda,2010,47.2,4.617629345554827,586.599950359877
WSM,Samoa,2013,38.7,1.7215987551504632,4023.5254013825
STP,Sao Tome and Principe,2017,40.7,0.4093512495966237,1555.79477812888
STP,Sao Tome and Principe,2010,30.8,1.320044707492794,1045.20958234528
SEN,Senegal,2018,38.3,1.501579261420114,1452.55612562445
SEN,Senegal,2011,40.3,1.9951729592470966,1374.67591873844
SRB,Serbia,2018,35.0,4.742817544009845,7559.86165747394
SRB,Serbia,2017,36.1,4.908483604879297,6548.03653824187
SRB,Serbia,2016,38.8,4.4261301617831155,5982.37030126471
SRB,Serbia,2015,40.5,3.3347916027783855,5820.3215576888
SRB,Serbia,2014,40.4,3.75549058812483,6886.67809068704
SRB,Serbia,2013,39.4,2.4276095376654663,7040.41812068781
SRB,Serbia,2012,39.9,1.5713515865806231,6263.04086072815
SRB,Serbia,2010,29.0,0.4570034416900602,5970.92660940072
SYC,Seychelles,2018,32.1,-2.382105783329677,18440.2340460932
SYC,Seychelles,2013,46.8,5.83870434320581,14821.2921476077
SLE,Sierra Leone,2018,35.7,1.90002390116559,845.914540460932
SLE,Sierra Leone,2011,34.0,1.421500189153816,761.146365577281
SVK,Slovak Republic,2018,25.0,1.6774760355327636,19573.3717031314
SVK,Slovak Republic,2017,23.2,2.0197040517187594,17645.5298716761
SVK,Slovak Republic,2016,25.2,2.3964650216460117,16636.0769133073
SVK,Slovak Republic,2015,26.5,1.583665595273678,16442.0760860018
SVK,Slovak Republic,2014,26.1,3.132865875511914,18770.9289896545
SVK,Slovak Republic,2013,28.1,3.2270142337827226,18312.7805149823
SVK,Slovak Republic,2012,26.1,2.5624307967270163,17516.9691054078
SVK,Slovak Republic,2011,26.5,2.298680120958764,18469.4354316836
SVK,Slovak Republic,2010,27.3,2.421440118247176,16899.448680529
SVN,Slovenia,2018,24.6,2.126557265394914,25888.0481065655
SVN,Slovenia,2017,24.2,2.532617572900068,23303.077705959
SVN,Slovenia,2016,24.8,3.0589542513118304,21447.8377796036
SVN,Slovenia,2015,25.4,2.025604045628736,20697.2748530619
SVN,Slovenia,2014,25.7,3.4339229653901855,24013.0682060959
SVN,Slovenia,2013,26.2,3.408876630665378,23236.9655321695
SVN,Slovenia,2012,25.6,2.4169566792887167,22442.1417859955
SVN,Slovenia,2011,24.9,0.7719329462523188,24940.6284841605
SVN,Slovenia,2010,24.9,0.26944029569539707,23329.8417691156
SLB,Solomon Islands,2012,37.1,-0.27679686938058473,2066.25738638356
ZAF,South Africa,2014,59.6,-0.3982393804127562,6856.73137092522
ZAF,South Africa,2010,60.9,0.530460946166466,7973.47195771517
ESP,Spain,2018,34.7,0.6404532064576882,30602.4212881113
ESP,Spain,2017,34.7,0.7751498727539462,28381.3425596906
ESP,Spain,2016,35.8,0.18270185727882607,26755.6061149398
ESP,Spain,2015,36.2,-0.5488173721882983,25982.4416197775
ESP,Spain,2014,36.1,2.559210824169794,29707.765509467
ESP,Spain,2013,36.2,2.6793966340583095,29228.846559842
ESP,Spain,2012,35.4,2.0785500135663915,28456.4438151477
ESP,Spain,2011,35.7,0.9636840958113637,31824.6219134777
ESP,Spain,2010,35.2,0.19805812673006762,30658.7422282912
LKA,Sri Lanka,2016,39.3,0.7339538576637402,4149.19189391879
LKA,Sri Lanka,2012,38.7,4.953474884721294,3327.77612404326
LCA,St. Lucia,2015,43.7,-3.2171223373766216,10334.9860823918
SDN,Sudan,2014,34.2,-2.904726258360732,1275.43835449219
SWE,Sweden,2018,30.0,0.6846159576002016,54018.4554391861
SWE,Sweden,2017,28.8,0.938533436402438,53210.2233318965
SWE,Sweden,2016,29.6,0.928646552447541,51703.5088332851
SWE,Sweden,2015,29.2,0.18068558134673524,51188.1652120493
SWE,Sweden,2014,28.4,1.366720520159605,59583.4584491714
SWE,Sweden,2013,28.8,1.3092145968745332,60843.9888799369
SWE,Sweden,2012,27.6,1.247097103553414,57749.5615420853
SWE,Sweden,2011,27.6,0.9135787890322021,60379.4814599322
SWE,Sweden,2010,27.7,1.2199391306408938,52542.5759090299
CHE,Switzerland,2018,33.1,1.0066166546101323,87002.3382293532
CHE,Switzerland,2017,32.7,1.6088001762517756,83610.248611484
CHE,Switzerland,2016,33.0,1.1687479588098173,83432.4111596314
CHE,Switzerland,2015,32.3,0.25638555001186714,85265.06205193
CHE,Switzerland,2014,32.5,0.9109875693575784,90511.6484558843
CHE,Switzerland,2013,32.5,1.091641552614623,88851.2374497983
CHE,Switzerland,2012,31.6,0.7121922698369437,87269.5594780124
CHE,Switzerland,2011,31.7,0.627736760386832,91910.3964565203
CHE,Switzerland,2010,32.6,0.5240640176648264,77956.1262043942
TJK,Tajikistan,2015,34.0,4.142297992526798,956.916310930656
TZA,Tanzania,2018,40.5,1.317815789531381,1023.10626220703
TZA,Tanzania,2011,37.8,2.950403302055718,775.392761230469
THA,Thailand,2018,36.4,0.40313616871219804,7099.77650081458
THA,Thailand,2017,36.4,0.7255130656962281,6413.09182530343
THA,Thailand,2016,36.7,0.9478286368690959,5833.57715617098
THA,Thailand,2015,36.0,1.2543108847469941,5688.85335397884
THA,Thailand,2014,37.0,3.036119721659782,5801.1978916205
THA,Thailand,2013,37.8,2.745060040904302,6018.08244729255
THA,Thailand,2012,39.3,2.3807654246138474,5725.52802835463
THA,Thailand,2011,37.5,2.949246496579822,5373.6232832898
THA,Thailand,2010,39.4,2.398367297912079,4973.86288823778
TLS,Timor-Leste,2014,28.7,3.209529848832317,1224.74957758801
TGO,Togo,2018,42.5,2.9124897280104114,942.480774393154
TGO,Togo,2015,43.0,2.0315623152057336,813.894676975085
TGO,Togo,2011,46.0,3.351079134023268,834.14671980279
TON,Tonga,2015,33.5,2.4520628185840394,4123.90347238813
TUN,Tunisia,2015,32.8,-1.2637158398585027,4014.94773686432
TUN,Tunisia,2010,38.5,0.5696268314779698,4291.86120891575
TUR,Turkiye,2018,42.4,4.1017144345045065,9684.11819884721
TUR,Turkiye,2017,43.5,3.5933031557593145,10756.3877677883
TUR,Turkiye,2016,41.9,3.9990005095691386,10984.3643169061
TUR,Turkiye,2015,42.9,2.2280196085998187,11064.6494504662
TUR,Turkiye,2014,41.2,2.9447039730238416,12209.3862327674
TUR,Turkiye,2013,40.2,3.6118022646364603,12635.5570016068
TUR,Turkiye,2012,40.2,4.617139653745708,11776.7593362033
TUR,Turkiye,2011,40.0,4.025831289607062,11373.6355760885
TUR,Turkiye,2010,38.8,5.509849691539508,10698.9699409757
TUV,Tuvalu,2010,39.1,3.2458519605693796,3054.96154183353
UGA,Uganda,2016,42.8,1.0140705617596744,752.696571725656
UGA,Uganda,2012,41.0,1.1322991607500446,795.222867553127
UKR,Ukraine,2018,26.1,-0.41977785234624954,3059.0517578125
UKR,Ukraine,2017,26.0,-2.6895062989893477,2604.28759765625
UKR,Ukraine,2016,25.0,2.43168570073572,2158.46118164063
UKR,Ukraine,2015,25.5,2.1378863921316635,2094.47387695313
UKR,Ukraine,2014,24.0,0.8994302172015438,3054.908203125
UKR,Ukraine,2013,24.6,-0.8928329386592763,4129.89697265625
UKR,Ukraine,2012,24.7,-1.667492302353141,3951.34228515625
UKR,Ukraine,2011,24.6,-2.1666929301393134,3656.69799804688
UKR,Ukraine,2010,24.8,-1.5984709750705532,3039.63232421875
ARE,United Arab Emirates,2018,26.4,-0.5966505117600868,47135.3478795605
ARE,United Arab Emirates,2013,32.5,-0.40616899222723574,53247.2278745159
GBR,United Kingdom,2018,33.7,0.35854626974696346,43704.3162296687
GBR,United Kingdom,2017,32.6,0.7759766413251237,40918.0520870944
GBR,United Kingdom,2016,33.1,0.4434454874171617,41258.5374285695
GBR,United Kingdom,2015,33.3,-0.9084416316881203,45256.040227057
GBR,United Kingdom,2014,33.1,1.4125239294536018,47746.9810645521
GBR,United Kingdom,2013,32.7,1.743366885228158,43607.6636827371
GBR,United Kingdom,2012,33.1,1.7403229300929142,42688.3263728372
GBR,United Kingdom,2011,33.2,1.4090364012844372,42295.9273835322
GBR,United Kingdom,2010,33.7,1.1427104697694013,39778.3220528565
USA,United States,2018,41.8,1.918919602300996,62875.6661382728
USA,United States,2017,41.4,1.9735862118096796,60047.7190728307
USA,United States,2016,41.3,1.9351801404574922,57976.628204291
USA,United States,2015,41.5,0.9426830535256819,56849.4697923159
USA,United States,2014,41.7,1.8642853240361899,55153.3940182967
USA,United States,2013,40.9,1.795121232593464,53297.3862901595
USA,United States,2012,41.2,1.5918652378775318,51708.3940614082
USA,United States,2011,41.2,1.5369782419545739,50024.8812320773
USA,United States,2010,40.2,1.4850043434572133,48642.6312088213
URY,Uruguay,2018,39.7,0.9978579399845218,19249.9404677501
URY,Uruguay,2017,39.5,0.8256430935153334,19184.6626114272
URY,Uruguay,2016,39.7,0.16182148202855529,17009.7584207276
URY,Uruguay,2015,40.1,-0.7510428645459448,17125.9016800298
URY,Uruguay,2014,40.1,0.7345425164355057,18322.4276767157
URY,Uruguay,2013,40.5,1.1448549601837483,18335.2594772322
URY,Uruguay,2012,39.9,2.01322602948298,16259.5940814256
URY,Uruguay,2011,42.2,2.374520036781058,15132.2675725587
URY,Uruguay,2010,44.5,3.084665084124802,12641.0576849008
VUT,Vanuatu,2010,37.4,0.0078022887524175745,2815.18828985779
VNM,Viet Nam,2018,35.7,4.381768295623288,3222.31003125366
VNM,Viet Nam,2016,35.3,4.361163237591982,2735.0604380416
VNM,Viet Nam,2014,34.8,5.8493443112595775,2546.38464459903
VNM,Viet Nam,2012,35.6,5.218788841160584,2185.11767654291
VNM,Viet Nam,2010,39.3,4.918519486842704,1683.16182443979
PSE,West Bank and Gaza,2016,33.7,-2.4231484575685203,3527.61382413178
PSE,West Bank and Gaza,2011,34.4,2.214687637482034,2880.79843707909
PSE,West Bank and Gaza,2010,35.3,2.298922320298004,2557.07562356699
ZMB,Zambia,2015,55.8,-1.0281186591942109,1295.87788680068
ZMB,Zambia,2010,52.0,1.8420196475007118,1451.10616017155
ZWE,Zimbabwe,2017,44.3,-0.5408862265065442,3445.44941020134
ZWE,Zimbabwe,2011,43.2,3.2249906463424884,1037.77565157218
